{
  "run_timestamp": "20260313_020518",
  "total_tasks": 20,
  "metrics": {
    "success_rate": 0.65,
    "total": 20,
    "passed": 13,
    "failed": 7,
    "avg_steps_on_success": 1.6153846153846154,
    "avg_cost_usd": 0.005708375,
    "total_cost_usd": 0.11416749999999999,
    "by_difficulty": {
      "easy": {
        "total": 11,
        "passed": 10,
        "success_rate": 0.9090909090909091
      },
      "medium": {
        "total": 6,
        "passed": 2,
        "success_rate": 0.3333333333333333
      },
      "hard": {
        "total": 3,
        "passed": 1,
        "success_rate": 0.3333333333333333
      }
    },
    "per_task": {
      "miniwob/click-button": {
        "passed": true,
        "steps_taken": 1,
        "cost_usd": 0.0024425000000000002,
        "duration_s": 2.612919499981217
      },
      "miniwob/click-button-sequence": {
        "passed": true,
        "steps_taken": 2,
        "cost_usd": 0.00362,
        "duration_s": 2.614006541960407
      },
      "miniwob/click-checkboxes": {
        "passed": true,
        "steps_taken": 4,
        "cost_usd": 0.0074199999999999995,
        "duration_s": 4.80515137501061
      },
      "miniwob/click-link": {
        "passed": true,
        "steps_taken": 1,
        "cost_usd": 0.0023175,
        "duration_s": 2.6092876660404727
      },
      "miniwob/click-option": {
        "passed": true,
        "steps_taken": 2,
        "cost_usd": 0.0039675000000000005,
        "duration_s": 3.9413983750273474
      },
      "miniwob/click-tab": {
        "passed": true,
        "steps_taken": 1,
        "cost_usd": 0.00247,
        "duration_s": 1.9511182919959538
      },
      "miniwob/focus-text": {
        "passed": true,
        "steps_taken": 1,
        "cost_usd": 0.0020525,
        "duration_s": 2.675693625002168
      },
      "miniwob/enter-date": {
        "passed": false,
        "steps_taken": 1,
        "cost_usd": 0.00246,
        "duration_s": 1.9846372500178404
      },
      "miniwob/enter-text": {
        "passed": true,
        "steps_taken": 2,
        "cost_usd": 0.0036575,
        "duration_s": 3.168716249987483
      },
      "miniwob/enter-password": {
        "passed": false,
        "steps_taken": 3,
        "cost_usd": 0.005592499999999999,
        "duration_s": 4.557865625014529
      },
      "miniwob/login-user": {
        "passed": false,
        "steps_taken": 3,
        "cost_usd": 0.005562500000000001,
        "duration_s": 5.017778749985155
      },
      "miniwob/search-engine": {
        "passed": false,
        "steps_taken": 3,
        "cost_usd": 0.0056475,
        "duration_s": 5.641180208011065
      },
      "miniwob/navigate-tree": {
        "passed": true,
        "steps_taken": 1,
        "cost_usd": 0.0023274999999999997,
        "duration_s": 2.134222458000295
      },
      "miniwob/use-autocomplete": {
        "passed": true,
        "steps_taken": 2,
        "cost_usd": 0.0037749999999999997,
        "duration_s": 3.283638291002717
      },
      "miniwob/choose-date": {
        "passed": false,
        "steps_taken": 2,
        "cost_usd": 0.00479,
        "duration_s": 3.39495387498755
      },
      "miniwob/click-dialog": {
        "passed": true,
        "steps_taken": 1,
        "cost_usd": 0.00227,
        "duration_s": 2.229316624987405
      },
      "miniwob/click-widget": {
        "passed": true,
        "steps_taken": 1,
        "cost_usd": 0.002445,
        "duration_s": 2.29871279100189
      },
      "miniwob/count-shape": {
        "passed": false,
        "steps_taken": 5,
        "cost_usd": 0.04369749999999999,
        "duration_s": 29.601149625028484
      },
      "miniwob/find-word": {
        "passed": false,
        "steps_taken": 2,
        "cost_usd": 0.0039,
        "duration_s": 3.596787333022803
      },
      "miniwob/enter-text-2": {
        "passed": true,
        "steps_taken": 2,
        "cost_usd": 0.0037525,
        "duration_s": 3.5950212919851765
      }
    }
  },
  "results": [
    {
      "task_id": "miniwob/click-button",
      "task_name": "click-button",
      "difficulty": "easy",
      "passed": true,
      "steps_taken": 1,
      "cost_usd": 0.0024425000000000002,
      "duration_s": 2.612919499981217,
      "log_dir": "/Users/mehulmodi/University/URECA/GAIA/experiments/miniwob/logs/20260313_020518/click-button",
      "error": null
    },
    {
      "task_id": "miniwob/click-button-sequence",
      "task_name": "click-button-sequence",
      "difficulty": "medium",
      "passed": true,
      "steps_taken": 2,
      "cost_usd": 0.00362,
      "duration_s": 2.614006541960407,
      "log_dir": "/Users/mehulmodi/University/URECA/GAIA/experiments/miniwob/logs/20260313_020518/click-button-sequence",
      "error": null
    },
    {
      "task_id": "miniwob/click-checkboxes",
      "task_name": "click-checkboxes",
      "difficulty": "easy",
      "passed": true,
      "steps_taken": 4,
      "cost_usd": 0.0074199999999999995,
      "duration_s": 4.80515137501061,
      "log_dir": "/Users/mehulmodi/University/URECA/GAIA/experiments/miniwob/logs/20260313_020518/click-checkboxes",
      "error": null
    },
    {
      "task_id": "miniwob/click-link",
      "task_name": "click-link",
      "difficulty": "easy",
      "passed": true,
      "steps_taken": 1,
      "cost_usd": 0.0023175,
      "duration_s": 2.6092876660404727,
      "log_dir": "/Users/mehulmodi/University/URECA/GAIA/experiments/miniwob/logs/20260313_020518/click-link",
      "error": null
    },
    {
      "task_id": "miniwob/click-option",
      "task_name": "click-option",
      "difficulty": "easy",
      "passed": true,
      "steps_taken": 2,
      "cost_usd": 0.0039675000000000005,
      "duration_s": 3.9413983750273474,
      "log_dir": "/Users/mehulmodi/University/URECA/GAIA/experiments/miniwob/logs/20260313_020518/click-option",
      "error": null
    },
    {
      "task_id": "miniwob/click-tab",
      "task_name": "click-tab",
      "difficulty": "easy",
      "passed": true,
      "steps_taken": 1,
      "cost_usd": 0.00247,
      "duration_s": 1.9511182919959538,
      "log_dir": "/Users/mehulmodi/University/URECA/GAIA/experiments/miniwob/logs/20260313_020518/click-tab",
      "error": null
    },
    {
      "task_id": "miniwob/focus-text",
      "task_name": "focus-text",
      "difficulty": "easy",
      "passed": true,
      "steps_taken": 1,
      "cost_usd": 0.0020525,
      "duration_s": 2.675693625002168,
      "log_dir": "/Users/mehulmodi/University/URECA/GAIA/experiments/miniwob/logs/20260313_020518/focus-text",
      "error": null
    },
    {
      "task_id": "miniwob/enter-date",
      "task_name": "enter-date",
      "difficulty": "medium",
      "passed": false,
      "steps_taken": 1,
      "cost_usd": 0.00246,
      "duration_s": 1.9846372500178404,
      "log_dir": "/Users/mehulmodi/University/URECA/GAIA/experiments/miniwob/logs/20260313_020518/enter-date",
      "error": null
    },
    {
      "task_id": "miniwob/enter-text",
      "task_name": "enter-text",
      "difficulty": "easy",
      "passed": true,
      "steps_taken": 2,
      "cost_usd": 0.0036575,
      "duration_s": 3.168716249987483,
      "log_dir": "/Users/mehulmodi/University/URECA/GAIA/experiments/miniwob/logs/20260313_020518/enter-text",
      "error": null
    },
    {
      "task_id": "miniwob/enter-password",
      "task_name": "enter-password",
      "difficulty": "easy",
      "passed": false,
      "steps_taken": 3,
      "cost_usd": 0.005592499999999999,
      "duration_s": 4.557865625014529,
      "log_dir": "/Users/mehulmodi/University/URECA/GAIA/experiments/miniwob/logs/20260313_020518/enter-password",
      "error": null
    },
    {
      "task_id": "miniwob/login-user",
      "task_name": "login-user",
      "difficulty": "medium",
      "passed": false,
      "steps_taken": 3,
      "cost_usd": 0.005562500000000001,
      "duration_s": 5.017778749985155,