{
  "run_timestamp": "20260313_022646",
  "total_tasks": 20,
  "metrics": {
    "success_rate": 0.75,
    "total": 20,
    "passed": 15,
    "failed": 5,
    "avg_steps_on_success": 1.7333333333333334,
    "avg_cost_usd": 0.007121874999999998,
    "total_cost_usd": 0.14243749999999997,
    "by_difficulty": {
      "easy": {
        "total": 11,
        "passed": 11,
        "success_rate": 1.0
      },
      "medium": {
        "total": 6,
        "passed": 4,
        "success_rate": 0.6666666666666666
      },
      "hard": {
        "total": 3,
        "passed": 0,
        "success_rate": 0.0
      }
    },
    "per_task": {
      "miniwob/click-button": {
        "passed": true,
        "steps_taken": 1,
        "cost_usd": 0.0026074999999999996,
        "duration_s": 2.327430417004507
      },
      "miniwob/click-button-sequence": {
        "passed": true,
        "steps_taken": 2,
        "cost_usd": 0.00401,
        "duration_s": 2.842855333990883
      },
      "miniwob/click-checkboxes": {
        "passed": true,
        "steps_taken": 2,
        "cost_usd": 0.004165,
        "duration_s": 3.2406263750162907
      },
      "miniwob/click-link": {
        "passed": true,
        "steps_taken": 1,
        "cost_usd": 0.002515,
        "duration_s": 1.7685778749873862
      },
      "miniwob/click-option": {
        "passed": true,
        "steps_taken": 2,
        "cost_usd": 0.0043075000000000006,
        "duration_s": 4.327716667030472
      },
      "miniwob/click-tab": {
        "passed": true,
        "steps_taken": 1,
        "cost_usd": 0.00263,
        "duration_s": 2.373525042028632
      },
      "miniwob/focus-text": {
        "passed": true,
        "steps_taken": 1,
        "cost_usd": 0.0023150000000000002,
        "duration_s": 2.324177249975037
      },
      "miniwob/enter-date": {
        "passed": false,
        "steps_taken": 1,
        "cost_usd": 0.0026550000000000002,
        "duration_s": 2.348703207971994
      },
      "miniwob/enter-text": {
        "passed": true,
        "steps_taken": 2,
        "cost_usd": 0.004095,
        "duration_s": 2.6886005839915015
      },
      "miniwob/enter-password": {
        "passed": true,
        "steps_taken": 3,
        "cost_usd": 0.0059625,
        "duration_s": 3.9714748749975115
      },
      "miniwob/login-user": {
        "passed": true,
        "steps_taken": 3,
        "cost_usd": 0.006042499999999999,
        "duration_s": 4.143207125016488
      },
      "miniwob/search-engine": {
        "passed": false,
        "steps_taken": 7,
        "cost_usd": 0.04796999999999997,
        "duration_s": 29.25507287500659
      },
      "miniwob/navigate-tree": {
        "passed": false,
        "steps_taken": 1,
        "cost_usd": 0.0243125,
        "duration_s": 18.08850141701987
      },
      "miniwob/use-autocomplete": {
        "passed": true,
        "steps_taken": 2,
        "cost_usd": 0.004025,
        "duration_s": 3.7225497090257704
      },
      "miniwob/choose-date": {
        "passed": false,
        "steps_taken": 2,
        "cost_usd": 0.00518,
        "duration_s": 3.1724694169824943
      },
      "miniwob/click-dialog": {
        "passed": true,
        "steps_taken": 1,
        "cost_usd": 0.0041424999999999995,
        "duration_s": 3.0764370000106283
      },
      "miniwob/click-widget": {
        "passed": true,
        "steps_taken": 1,
        "cost_usd": 0.0026449999999999998,
        "duration_s": 4.501722124987282
      },
      "miniwob/count-shape": {
        "passed": true,
        "steps_taken": 2,
        "cost_usd": 0.004379999999999999,
        "duration_s": 2.8313134590280242
      },
      "miniwob/find-word": {
        "passed": false,
        "steps_taken": 2,
        "cost_usd": 0.004385,
        "duration_s": 3.719644208031241
      },
      "miniwob/enter-text-2": {
        "passed": true,
        "steps_taken": 2,
        "cost_usd": 0.004092500000000001,
        "duration_s": 3.6195123340003192
      }
    }
  },
  "results": [
    {
      "task_id": "miniwob/click-button",
      "task_name": "click-button",
      "difficulty": "easy",
      "passed": true,
      "steps_taken": 1,
      "cost_usd": 0.0026074999999999996,
      "duration_s": 2.327430417004507,
      "log_dir": "/Users/mehulmodi/University/URECA/GAIA/experiments/miniwob/logs/20260313_022646/click-button",
      "error": null
    },
    {
      "task_id": "miniwob/click-button-sequence",
      "task_name": "click-button-sequence",
      "difficulty": "medium",
      "passed": true,
      "steps_taken": 2,
      "cost_usd": 0.00401,
      "duration_s": 2.842855333990883,
      "log_dir": "/Users/mehulmodi/University/URECA/GAIA/experiments/miniwob/logs/20260313_022646/click-button-sequence",
      "error": null
    },
    {
      "task_id": "miniwob/click-checkboxes",
      "task_name": "click-checkboxes",
      "difficulty": "easy",
      "passed": true,
      "steps_taken": 2,
      "cost_usd": 0.004165,
      "duration_s": 3.2406263750162907,
      "log_dir": "/Users/mehulmodi/University/URECA/GAIA/experiments/miniwob/logs/20260313_022646/click-checkboxes",
      "error": null
    },
    {
      "task_id": "miniwob/click-link",
      "task_name": "click-link",
      "difficulty": "easy",
      "passed": true,
      "steps_taken": 1,
      "cost_usd": 0.002515,
      "duration_s": 1.7685778749873862,
      "log_dir": "/Users/mehulmodi/University/URECA/GAIA/experiments/miniwob/logs/20260313_022646/click-link",
      "error": null
    },
    {
      "task_id": "miniwob/click-option",
      "task_name": "click-option",
      "difficulty": "easy",
      "passed": true,
      "steps_taken": 2,
      "cost_usd": 0.0043075000000000006,
      "duration_s": 4.327716667030472,
      "log_dir": "/Users/mehulmodi/University/URECA/GAIA/experiments/miniwob/logs/20260313_022646/click-option",
      "error": null
    },
    {
      "task_id": "miniwob/click-tab",
      "task_name": "click-tab",
      "difficulty": "easy",
      "passed": true,
      "steps_taken": 1,
      "cost_usd": 0.00263,
      "duration_s": 2.373525042028632,
      "log_dir": "/Users/mehulmodi/University/URECA/GAIA/experiments/miniwob/logs/20260313_022646/click-tab",
      "error": null
    },
    {
      "task_id": "miniwob/focus-text",
      "task_name": "focus-text",
      "difficulty": "easy",
      "passed": true,
      "steps_taken": 1,
      "cost_usd": 0.0023150000000000002,
      "duration_s": 2.324177249975037,
      "log_dir": "/Users/mehulmodi/University/URECA/GAIA/experiments/miniwob/logs/20260313_022646/focus-text",
      "error": null
    },
    {
      "task_id": "miniwob/enter-date",
      "task_name": "enter-date",
      "difficulty": "medium",
      "passed": false,
      "steps_taken": 1,
      "cost_usd": 0.0026550000000000002,
      "duration_s": 2.348703207971994,
      "log_dir": "/Users/mehulmodi/University/URECA/GAIA/experiments/miniwob/logs/20260313_022646/enter-date",
      "error": null
    },
    {
      "task_id": "miniwob/enter-text",
      "task_name": "enter-text",
      "difficulty": "easy",
      "passed": true,
      "steps_taken": 2,
      "cost_usd": 0.004095,
      "duration_s": 2.6886005839915015,
      "log_dir": "/Users/mehulmodi/University/URECA/GAIA/experiments/miniwob/logs/20260313_022646/enter-text",
      "error": null
    },
    {
      "task_id": "miniwob/enter-password",
      "task_name": "enter-password",
      "difficulty": "easy",
      "passed": true,
      "steps_taken": 3,
      "cost_usd": 0.0059625,
      "duration_s": 3.9714748749975115,
      "log_dir": "/Users/mehulmodi/University/URECA/GAIA/experiments/miniwob/logs/20260313_022646/enter-password",
      "error": null
    },
    {
      "task_id": "miniwob/login-user",
      "task_name": "login-user",
      "difficulty": "medium",
      "passed": true,
      "steps_taken": 3,
      "cost_usd": 0.006042499999999999,
      "duration_s": 4.143207125016488,