{
  "run_timestamp": "20260312_231348",
  "total_tasks": 20,
  "metrics": {
    "success_rate": 0.25,
    "total": 20,
    "passed": 5,
    "failed": 15,
    "avg_steps_on_success": 1.0,
    "avg_cost_usd": 0.008401500000000001,
    "total_cost_usd": 0.16803,
    "by_difficulty": {
      "easy": {
        "total": 11,
        "passed": 5,
        "success_rate": 0.45454545454545453
      },
      "medium": {
        "total": 6,
        "passed": 0,
        "success_rate": 0.0
      },
      "hard": {
        "total": 3,
        "passed": 0,
        "success_rate": 0.0
      }
    },
    "per_task": {
      "miniwob/click-button": {
        "passed": true,
        "steps_taken": 1,
        "cost_usd": 0.0017325,
        "duration_s": 4.072557291015983
      },
      "miniwob/click-button-sequence": {
        "passed": false,
        "steps_taken": 2,
        "cost_usd": 0.0022500000000000003,
        "duration_s": 2.6812492919852957
      },
      "miniwob/click-checkboxes": {
        "passed": false,
        "steps_taken": 12,
        "cost_usd": 0.014217500000000001,
        "duration_s": 11.078648624999914
      },
      "miniwob/click-link": {
        "passed": true,
        "steps_taken": 1,
        "cost_usd": 0.0018774999999999998,
        "duration_s": 2.1060153750004247
      },
      "miniwob/click-option": {
        "passed": false,
        "steps_taken": 15,
        "cost_usd": 0.016774999999999998,
        "duration_s": 11.003234041971155
      },
      "miniwob/click-tab": {
        "passed": true,
        "steps_taken": 1,
        "cost_usd": 0.0016849999999999999,
        "duration_s": 2.6382273340132087
      },
      "miniwob/focus-text": {
        "passed": true,
        "steps_taken": 1,
        "cost_usd": 0.001315,
        "duration_s": 1.6584088340168819
      },
      "miniwob/enter-date": {
        "passed": false,
        "steps_taken": 1,
        "cost_usd": 0.001635,
        "duration_s": 2.1214921250357293
      },
      "miniwob/enter-text": {
        "passed": false,
        "steps_taken": 11,
        "cost_usd": 0.0114325,
        "duration_s": 10.68111362500349
      },
      "miniwob/enter-password": {
        "passed": false,
        "steps_taken": 15,
        "cost_usd": 0.015512500000000002,
        "duration_s": 12.561298916989472
      },
      "miniwob/login-user": {
        "passed": false,
        "steps_taken": 11,
        "cost_usd": 0.013419999999999998,
        "duration_s": 11.313750791014172
      },
      "miniwob/search-engine": {
        "passed": false,
        "steps_taken": 15,
        "cost_usd": 0.0150975,
        "duration_s": 12.688268582976889
      },
      "miniwob/navigate-tree": {
        "passed": false,
        "steps_taken": 11,
        "cost_usd": 0.0128075,
        "duration_s": 11.153516959049739
      },
      "miniwob/use-autocomplete": {
        "passed": false,
        "steps_taken": 9,
        "cost_usd": 0.008715,
        "duration_s": 13.399905708036385
      },
      "miniwob/choose-date": {
        "passed": false,
        "steps_taken": 15,
        "cost_usd": 0.015452500000000001,
        "duration_s": 18.283952750032768
      },
      "miniwob/click-color": {
        "passed": false,
        "steps_taken": 0,
        "cost_usd": 0.01794,
        "duration_s": 18.378957792010624
      },
      "miniwob/click-widget": {
        "passed": true,
        "steps_taken": 1,
        "cost_usd": 0.0016475,
        "duration_s": 2.055227000033483
      },
      "miniwob/count-shape": {
        "passed": false,
        "steps_taken": 1,
        "cost_usd": 0.0020225,
        "duration_s": 2.445388291031122
      },
      "miniwob/find-word": {
        "passed": false,
        "steps_taken": 12,
        "cost_usd": 0.012495000000000001,
        "duration_s": 10.509382249962073
      },
      "miniwob/select-shape": {
        "passed": false,
        "steps_taken": 0,
        "cost_usd": 0.0,
        "duration_s": 0.0008374169701710343
      }
    }
  },
  "results": [
    {
      "task_id": "miniwob/click-button",
      "task_name": "click-button",
      "difficulty": "easy",
      "passed": true,
      "steps_taken": 1,
      "cost_usd": 0.0017325,
      "duration_s": 4.072557291015983,
      "log_dir": "/Users/mehulmodi/University/URECA/GAIA/experiments/miniwob/logs/20260312_231348/click-button",
      "error": null
    },
    {
      "task_id": "miniwob/click-button-sequence",
      "task_name": "click-button-sequence",
      "difficulty": "medium",
      "passed": false,
      "steps_taken": 2,
      "cost_usd": 0.0022500000000000003,
      "duration_s": 2.6812492919852957,
      "log_dir": "/Users/mehulmodi/University/URECA/GAIA/experiments/miniwob/logs/20260312_231348/click-button-sequence",
      "error": null
    },
    {
      "task_id": "miniwob/click-checkboxes",
      "task_name": "click-checkboxes",
      "difficulty": "easy",
      "passed": false,
      "steps_taken": 12,
      "cost_usd": 0.014217500000000001,
      "duration_s": 11.078648624999914,
      "log_dir": "/Users/mehulmodi/University/URECA/GAIA/experiments/miniwob/logs/20260312_231348/click-checkboxes",
      "error": null
    },
    {
      "task_id": "miniwob/click-link",
      "task_name": "click-link",
      "difficulty": "easy",
      "passed": true,
      "steps_taken": 1,
      "cost_usd": 0.0018774999999999998,
      "duration_s": 2.1060153750004247,
      "log_dir": "/Users/mehulmodi/University/URECA/GAIA/experiments/miniwob/logs/20260312_231348/click-link",
      "error": null
    },
    {
      "task_id": "miniwob/click-option",
      "task_name": "click-option",
      "difficulty": "easy",
      "passed": false,
      "steps_taken": 15,
      "cost_usd": 0.016774999999999998,
      "duration_s": 11.003234041971155,
      "log_dir": "/Users/mehulmodi/University/URECA/GAIA/experiments/miniwob/logs/20260312_231348/click-option",
      "error": null
    },
    {
      "task_id": "miniwob/click-tab",
      "task_name": "click-tab",
      "difficulty": "easy",
      "passed": true,
      "steps_taken": 1,
      "cost_usd": 0.0016849999999999999,
      "duration_s": 2.6382273340132087,
      "log_dir": "/Users/mehulmodi/University/URECA/GAIA/experiments/miniwob/logs/20260312_231348/click-tab",
      "error": null
    },
    {
      "task_id": "miniwob/focus-text",
      "task_name": "focus-text",
      "difficulty": "easy",
      "passed": true,
      "steps_taken": 1,
      "cost_usd": 0.001315,
      "duration_s": 1.6584088340168819,
      "log_dir": "/Users/mehulmodi/University/URECA/GAIA/experiments/miniwob/logs/20260312_231348/focus-text",
      "error": null
    },
    {
      "task_id": "miniwob/enter-date",
      "task_name": "enter-date",
      "difficulty": "medium",
      "passed": false,
      "steps_taken": 1,
      "cost_usd": 0.001635,
      "duration_s": 2.1214921250357293,
      "log_dir": "/Users/mehulmodi/University/URECA/GAIA/experiments/miniwob/logs/20260312_231348/enter-date",
      "error": null
    },
    {
      "task_id": "miniwob/enter-text",
      "task_name": "enter-text",
      "difficulty": "easy",
      "passed": false,
      "steps_taken": 11,
      "cost_usd": 0.0114325,
      "duration_s": 10.68111362500349,
      "log_dir": "/Users/mehulmodi/University/URECA/GAIA/experiments/miniwob/logs/20260312_231348/enter-text",
      "error": null
    },
    {
      "task_id": "miniwob/enter-password",
      "task_name": "enter-password",
      "difficulty": "easy",
      "passed": false,
      "steps_taken": 15,
      "cost_usd": 0.015512500000000002,
      "duration_s": 12.561298916989472,
      "log_dir": "/Users/mehulmodi/University/URECA/GAIA/experiments/miniwob/logs/20260312_231348/enter-password",
      "error": null
    },
    {
      "task_id": "miniwob/login-user",
      "task_name": "login-user",
      "difficulty": "medium",
      "passed": false,
      "steps_taken": 11,
      "cost_usd": 0.013419999999999998,
      "duration_s": 11.313750791014172,