{
  "run_timestamp": "20260313_024824",
  "total_tasks": 20,
  "metrics": {
    "success_rate": 0.85,
    "total": 20,
    "passed": 17,
    "failed": 3,
    "avg_steps_on_success": 1.7058823529411764,
    "avg_cost_usd": 0.005143375,
    "total_cost_usd": 0.1028675,
    "by_difficulty": {
      "easy": {
        "total": 11,
        "passed": 11,
        "success_rate": 1.0
      },
      "medium": {
        "total": 6,
        "passed": 5,
        "success_rate": 0.8333333333333334
      },
      "hard": {
        "total": 3,
        "passed": 1,
        "success_rate": 0.3333333333333333
      }
    },
    "per_task": {
      "miniwob/click-button": {
        "passed": true,
        "steps_taken": 1,
        "cost_usd": 0.0032775,
        "duration_s": 3.2769080830039456
      },
      "miniwob/click-button-sequence": {
        "passed": true,
        "steps_taken": 2,
        "cost_usd": 0.00532,
        "duration_s": 3.1718711249995977
      },
      "miniwob/click-checkboxes": {
        "passed": true,
        "steps_taken": 2,
        "cost_usd": 0.0054225,
        "duration_s": 3.5713392089819536
      },
      "miniwob/click-link": {
        "passed": true,
        "steps_taken": 1,
        "cost_usd": 0.0032300000000000002,
        "duration_s": 2.1521790829719976
      },
      "miniwob/click-option": {
        "passed": true,
        "steps_taken": 2,
        "cost_usd": 0.005545,
        "duration_s": 2.745844707998913
      },
      "miniwob/click-tab": {
        "passed": true,
        "steps_taken": 1,
        "cost_usd": 0.0033,
        "duration_s": 1.8597567919641733
      },
      "miniwob/focus-text": {
        "passed": true,
        "steps_taken": 1,
        "cost_usd": 0.002935,
        "duration_s": 2.138983208045829
      },
      "miniwob/enter-date": {
        "passed": true,
        "steps_taken": 2,
        "cost_usd": 0.005475000000000001,
        "duration_s": 3.019901750027202
      },
      "miniwob/enter-text": {
        "passed": true,
        "steps_taken": 2,
        "cost_usd": 0.005357499999999999,
        "duration_s": 3.2326561249792576
      },
      "miniwob/enter-password": {
        "passed": true,
        "steps_taken": 3,
        "cost_usd": 0.008087500000000001,
        "duration_s": 3.8271106249885634
      },
      "miniwob/login-user": {
        "passed": true,
        "steps_taken": 3,
        "cost_usd": 0.008125,
        "duration_s": 4.278413875028491
      },
      "miniwob/search-engine": {
        "passed": false,
        "steps_taken": 4,
        "cost_usd": 0.010852500000000001,
        "duration_s": 5.3235762079712
      },
      "miniwob/navigate-tree": {
        "passed": true,
        "steps_taken": 1,
        "cost_usd": 0.0032925000000000003,
        "duration_s": 2.1102336249896325
      },
      "miniwob/use-autocomplete": {
        "passed": true,
        "steps_taken": 2,
        "cost_usd": 0.005405,
        "duration_s": 3.0823749999981374
      },
      "miniwob/choose-date": {
        "passed": false,
        "steps_taken": 2,
        "cost_usd": 0.0064825,
        "duration_s": 3.1930665000109
      },
      "miniwob/click-dialog": {
        "passed": true,
        "steps_taken": 1,
        "cost_usd": 0.00313,
        "duration_s": 2.045396375004202
      },
      "miniwob/click-widget": {
        "passed": true,
        "steps_taken": 1,
        "cost_usd": 0.0032175,
        "duration_s": 1.9077019579708576
      },
      "miniwob/count-shape": {
        "passed": false,
        "steps_taken": 1,
        "cost_usd": 0.00347,
        "duration_s": 2.4445719580398872
      },
      "miniwob/find-word": {
        "passed": true,
        "steps_taken": 2,
        "cost_usd": 0.00553,
        "duration_s": 3.2240519170300104
      },
      "miniwob/enter-text-2": {
        "passed": true,
        "steps_taken": 2,
        "cost_usd": 0.005412500000000001,
        "duration_s": 2.900704625004437
      }
    }
  },
  "results": [
    {
      "task_id": "miniwob/click-button",
      "task_name": "click-button",
      "difficulty": "easy",
      "passed": true,
      "steps_taken": 1,
      "cost_usd": 0.0032775,
      "duration_s": 3.2769080830039456,
      "log_dir": "/Users/mehulmodi/University/URECA/GAIA/experiments/miniwob/logs/20260313_024824/click-button",
      "error": null
    },
    {
      "task_id": "miniwob/click-button-sequence",
      "task_name": "click-button-sequence",
      "difficulty": "medium",
      "passed": true,
      "steps_taken": 2,
      "cost_usd": 0.00532,
      "duration_s": 3.1718711249995977,
      "log_dir": "/Users/mehulmodi/University/URECA/GAIA/experiments/miniwob/logs/20260313_024824/click-button-sequence",
      "error": null
    },
    {
      "task_id": "miniwob/click-checkboxes",
      "task_name": "click-checkboxes",
      "difficulty": "easy",
      "passed": true,
      "steps_taken": 2,
      "cost_usd": 0.0054225,
      "duration_s": 3.5713392089819536,
      "log_dir": "/Users/mehulmodi/University/URECA/GAIA/experiments/miniwob/logs/20260313_024824/click-checkboxes",
      "error": null
    },
    {
      "task_id": "miniwob/click-link",
      "task_name": "click-link",
      "difficulty": "easy",
      "passed": true,
      "steps_taken": 1,
      "cost_usd": 0.0032300000000000002,
      "duration_s": 2.1521790829719976,
      "log_dir": "/Users/mehulmodi/University/URECA/GAIA/experiments/miniwob/logs/20260313_024824/click-link",
      "error": null
    },
    {
      "task_id": "miniwob/click-option",
      "task_name": "click-option",
      "difficulty": "easy",
      "passed": true,
      "steps_taken": 2,
      "cost_usd": 0.005545,
      "duration_s": 2.745844707998913,
      "log_dir": "/Users/mehulmodi/University/URECA/GAIA/experiments/miniwob/logs/20260313_024824/click-option",
      "error": null
    },
    {
      "task_id": "miniwob/click-tab",
      "task_name": "click-tab",
      "difficulty": "easy",
      "passed": true,
      "steps_taken": 1,
      "cost_usd": 0.0033,
      "duration_s": 1.8597567919641733,
      "log_dir": "/Users/mehulmodi/University/URECA/GAIA/experiments/miniwob/logs/20260313_024824/click-tab",
      "error": null
    },
    {
      "task_id": "miniwob/focus-text",
      "task_name": "focus-text",
      "difficulty": "easy",
      "passed": true,
      "steps_taken": 1,
      "cost_usd": 0.002935,
      "duration_s": 2.138983208045829,
      "log_dir": "/Users/mehulmodi/University/URECA/GAIA/experiments/miniwob/logs/20260313_024824/focus-text",
      "error": null
    },
    {
      "task_id": "miniwob/enter-date",
      "task_name": "enter-date",
      "difficulty": "medium",
      "passed": true,
      "steps_taken": 2,
      "cost_usd": 0.005475000000000001,
      "duration_s": 3.019901750027202,
      "log_dir": "/Users/mehulmodi/University/URECA/GAIA/experiments/miniwob/logs/20260313_024824/enter-date",
      "error": null
    },
    {
      "task_id": "miniwob/enter-text",
      "task_name": "enter-text",
      "difficulty": "easy",
      "passed": true,
      "steps_taken": 2,
      "cost_usd": 0.005357499999999999,
      "duration_s": 3.2326561249792576,
      "log_dir": "/Users/mehulmodi/University/URECA/GAIA/experiments/miniwob/logs/20260313_024824/enter-text",
      "error": null
    },
    {
      "task_id": "miniwob/enter-password",
      "task_name": "enter-password",
      "difficulty": "easy",
      "passed": true,
      "steps_taken": 3,
      "cost_usd": 0.008087500000000001,
      "duration_s": 3.8271106249885634,
      "log_dir": "/Users/mehulmodi/University/URECA/GAIA/experiments/miniwob/logs/20260313_024824/enter-password",
      "error": null
    },
    {
      "task_id": "miniwob/login-user",
      "task_name": "login-user",
      "difficulty": "medium",
      "passed": true,
      "steps_taken": 3,
      "cost_usd": 0.008125,
      "duration_s": 4.278413875028491,